attribute_id,attribute_name,attribute_nameV2
0,culture::abruzzi,culture::abruzzi
1,culture::achaemenid,culture::achaemenid
2,culture::aegean,culture::aegean
3,culture::afghan,culture::afghan
4,culture::after british,culture::after-british
5,culture::after german,culture::after-german
6,culture::after german original,culture::after-german-original
7,culture::after italian,culture::after-italian
8,culture::after russian original,culture::after-russian-original
9,culture::akkadian,culture::akkadian
10,culture::alexandria-hadra,culture::alexandria-hadra
11,culture::algerian,culture::algerian
12,culture::alsace,culture::alsace
13,culture::american,culture::american
14,culture::american or european,culture::american-or-european
15,culture::amsterdam,culture::amsterdam
16,culture::ansbach,culture::ansbach
17,culture::antwerp,culture::antwerp
18,culture::apulian,culture::apulian
19,culture::arabian,culture::arabian
20,culture::aragon,culture::aragon
21,culture::arica,culture::arica
22,culture::asia minor,culture::asia-minor
23,culture::assyrian,culture::assyrian
24,culture::atlantic watershed,culture::atlantic-watershed
25,culture::attic,culture::attic
26,culture::augsburg,culture::augsburg
27,culture::augsburg decoration,culture::augsburg-decoration
28,culture::augsburg original,culture::augsburg-original
29,culture::austrian,culture::austrian
30,culture::avignon,culture::avignon
31,culture::avon,culture::avon
32,culture::aztec,culture::aztec
33,culture::babylonian,culture::babylonian
34,culture::babylonian or kassite,culture::babylonian-or-kassite
35,culture::bactria-margiana archaeological complex,culture::bactria-margiana-archaeological-complex
36,culture::balinese,culture::balinese
37,culture::bavaria,culture::bavaria
38,culture::bayreuth,culture::bayreuth
39,culture::beautiran,culture::beautiran
40,culture::beauvais,culture::beauvais
41,culture::belgian,culture::belgian
42,culture::berlin,culture::berlin
43,culture::birmingham,culture::birmingham
44,culture::boeotian,culture::boeotian
45,culture::bohemian,culture::bohemian
46,culture::bologna,culture::bologna
47,culture::bordeaux,culture::bordeaux
48,culture::bow,culture::bow
49,culture::brescia,culture::brescia
50,culture::bristol,culture::bristol
51,culture::british,culture::british
52,culture::british or french,culture::british-or-french
53,culture::british or scottish,culture::british-or-scottish
54,culture::brunswick,culture::brunswick
55,culture::brussels,culture::brussels
56,culture::burma,culture::burma
57,culture::burslem,culture::burslem
58,culture::byzantine,culture::byzantine
59,culture::calima,culture::calima
60,culture::cambodia,culture::cambodia
61,culture::campanian,culture::campanian
62,culture::canaanite,culture::canaanite
63,culture::canosan,culture::canosan
64,culture::castel durante,culture::castel-durante
65,culture::catalan,culture::catalan
66,culture::catalonia,culture::catalonia
67,culture::caucasian,culture::caucasian
68,culture::caughley,culture::caughley
69,culture::central asia,culture::central-asia
70,culture::central european,culture::central-european
71,culture::central highlands,culture::central-highlands
72,culture::central italian,culture::central-italian
73,culture::chalcidian,culture::chalcidian
74,culture::chantilly,culture::chantilly
75,culture::chaumont-sur-loire,culture::chaumont-sur-loire
76,culture::chelsea,culture::chelsea
77,culture::chelsea-derby,culture::chelsea-derby
78,culture::chimu,culture::chimu
79,culture::china,culture::china
80,culture::chinese with dutch decoration,culture::chinese-with-dutch-decoration
81,culture::chinese with european decoration,culture::chinese-with-european-decoration
82,culture::chinese with french mounts,culture::chinese-with-french-mounts
83,culture::chiriqui,culture::chiriqui
84,culture::chorrera,culture::chorrera
85,culture::chupicuaro,culture::chupicuaro
86,culture::colima,culture::colima
87,culture::colombian,culture::colombian
88,culture::colonial,culture::colonial
89,culture::colonial american,culture::colonial-american
90,culture::copenhagen,culture::copenhagen
91,culture::corinthian,culture::corinthian
92,culture::coromandel coast,culture::coromandel-coast
93,culture::costa rica,culture::costa-rica
94,culture::costa rica or panama,culture::costa-rica-or-panama
95,culture::cretan,culture::cretan
96,culture::crete,culture::crete
97,culture::cyclades,culture::cyclades
98,culture::cycladic,culture::cycladic
99,culture::cypriot,culture::cypriot
100,culture::cypriot or phoenician,culture::cypriot-or-phoenician
101,culture::czech,culture::czech
102,culture::danish,culture::danish
103,culture::deccan,culture::deccan
104,culture::dehua,culture::dehua
105,culture::delft,culture::delft
106,culture::derby,culture::derby
107,culture::deruta,culture::deruta
108,culture::devonshire,culture::devonshire
109,culture::dresden,culture::dresden
110,culture::dublin,culture::dublin
111,culture::dutch,culture::dutch
112,culture::dyak,culture::dyak
113,culture::east greek,culture::east-greek
114,culture::east greek/sardis,culture::east-greek/sardis
115,culture::eastern european,culture::eastern-european
116,culture::eastern mediterranean,culture::eastern-mediterranean
117,culture::eastern mediterranean or italian,culture::eastern-mediterranean-or-italian
118,culture::edinburgh,culture::edinburgh
119,culture::edomite,culture::edomite
120,culture::egypt,culture::egypt
121,culture::egyptian,culture::egyptian
122,culture::elamite,culture::elamite
123,culture::england,culture::england
124,culture::etruria,culture::etruria
125,culture::etruscan,culture::etruscan
126,culture::euboean,culture::euboean
127,culture::european,culture::european
128,culture::european bronze age,culture::european-bronze-age
129,culture::faliscan,culture::faliscan
130,culture::ferrara,culture::ferrara
131,culture::flemish,culture::flemish
132,culture::flemish or italian,culture::flemish-or-italian
133,culture::florence,culture::florence
134,culture::for american market,culture::for-american-market
135,culture::for british market,culture::for-british-market
136,culture::for continental market,culture::for-continental-market
137,culture::for danish market,culture::for-danish-market
138,culture::for european market,culture::for-european-market
139,culture::for french market,culture::for-french-market
140,culture::for iberian market,culture::for-iberian-market
141,culture::for portuguese market,culture::for-portuguese-market
142,culture::for russian market,culture::for-russian-market
143,culture::for swedish market,culture::for-swedish-market
144,culture::frankenthal,culture::frankenthal
145,culture::frankish,culture::frankish
146,culture::freiburg im breisgau,culture::freiburg-im-breisgau
147,culture::french,culture::french
148,culture::french or german,culture::french-or-german
149,culture::french or italian,culture::french-or-italian
150,culture::french or swiss,culture::french-or-swiss
151,culture::fulda,culture::fulda
152,culture::furstenberg,culture::furstenberg
153,culture::gaul,culture::gaul
154,culture::geneva,culture::geneva
155,culture::genoa,culture::genoa
156,culture::german,culture::german
157,culture::german or swiss,culture::german-or-swiss
158,culture::ghassulian,culture::ghassulian
159,culture::gnathian,culture::gnathian
160,culture::gonia,culture::gonia
161,culture::greek,culture::greek
162,culture::greek islands,culture::greek-islands
163,culture::greek or roman,culture::greek-or-roman
164,culture::guanacaste-nicoya,culture::guanacaste-nicoya
165,culture::gubbio,culture::gubbio
166,culture::gurkha,culture::gurkha
167,culture::haida,culture::haida
168,culture::hanau,culture::hanau
169,culture::hattian,culture::hattian
170,culture::helladic,culture::helladic
171,culture::hilt,culture::hilt
172,culture::hittite,culture::hittite
173,culture::hochst,culture::hochst
174,culture::huastec,culture::huastec
175,culture::hungarian,culture::hungarian
176,culture::hungary,culture::hungary
177,culture::huron,culture::huron
178,culture::ica,culture::ica
179,culture::inca,culture::inca
180,culture::india,culture::india
181,culture::indian or nepalese,culture::indian-or-nepalese
182,culture::indonesia,culture::indonesia
183,culture::inuit,culture::inuit
184,culture::iran,culture::iran
185,culture::irish,culture::irish
186,culture::isin-larsa,culture::isin-larsa
187,culture::isin-larsaold babylonian,culture::isin-larsaold-babylonian
188,culture::islamic,culture::islamic
189,culture::italian,culture::italian
190,culture::italian or sicilian,culture::italian-or-sicilian
191,culture::italian or spanish,culture::italian-or-spanish
192,culture::italic,culture::italic
193,culture::italic-native,culture::italic-native
194,culture::japan,culture::japan
195,culture::javanese,culture::javanese
196,culture::jouy-en-josas,culture::jouy-en-josas
197,culture::kathmandu valley,culture::kathmandu-valley
198,culture::kazakhstan,culture::kazakhstan
199,culture::kholmogory,culture::kholmogory
200,culture::kievan rus',culture::kievan-rus'
201,culture::konigsberg,culture::konigsberg
202,culture::korea,culture::korea
203,culture::la rochelle,culture::la-rochelle
204,culture::laconian,culture::laconian
205,culture::lambayeque,culture::lambayeque
206,culture::lambeth,culture::lambeth
207,culture::langobardic,culture::langobardic
208,culture::leuven,culture::leuven
209,culture::lille,culture::lille
210,culture::limoges,culture::limoges
211,culture::liverpool,culture::liverpool
212,culture::london,culture::london
213,culture::london original,culture::london-original
214,culture::longton hall,culture::longton-hall
215,culture::lowestoft,culture::lowestoft
216,culture::ludwigsburg,culture::ludwigsburg
217,culture::lydian,culture::lydian
218,culture::lyons,culture::lyons
219,culture::macao,culture::macao
220,culture::macaracas,culture::macaracas
221,culture::macedonian,culture::macedonian
222,culture::madrid,culture::madrid
223,culture::malayan,culture::malayan
224,culture::mali,culture::mali
225,culture::manteno,culture::manteno
226,culture::maya,culture::maya
227,culture::meissen,culture::meissen
228,culture::meissen with german,culture::meissen-with-german
229,culture::mennecy,culture::mennecy
230,culture::mennecy or sceaux,culture::mennecy-or-sceaux
231,culture::mexican,culture::mexican
232,culture::mezcala,culture::mezcala
233,culture::michoacan,culture::michoacan
234,culture::milan,culture::milan
235,culture::mimbres,culture::mimbres
236,culture::minoan,culture::minoan
237,culture::mitanni,culture::mitanni
238,culture::mixtec,culture::mixtec
239,culture::moche,culture::moche
240,culture::moche-wari,culture::moche-wari
241,culture::montelupo,culture::montelupo
242,culture::moro,culture::moro
243,culture::moroccan,culture::moroccan
244,culture::moustiers,culture::moustiers
245,culture::mughal,culture::mughal
246,culture::muisca,culture::muisca
247,culture::munich,culture::munich
248,culture::mycenaean,culture::mycenaean
249,culture::nabataean,culture::nabataean
250,culture::nailsea,culture::nailsea
251,culture::nantes,culture::nantes
252,culture::naples,culture::naples
253,culture::nasca,culture::nasca
254,culture::naxos,culture::naxos
255,culture::nayarit,culture::nayarit
256,culture::neo-sumerian,culture::neo-sumerian
257,culture::neolithic,culture::neolithic
258,culture::nepal,culture::nepal
259,culture::netherlandish,culture::netherlandish
260,culture::neuwied am rhein,culture::neuwied-am-rhein
261,culture::nevers,culture::nevers
262,culture::nimes,culture::nimes
263,culture::north china,culture::north-china
264,culture::north indian,culture::north-indian
265,culture::north italian,culture::north-italian
266,culture::north netherlandish,culture::north-netherlandish
267,culture::northern european,culture::northern-european
268,culture::northern india,culture::northern-india
269,culture::northern italian,culture::northern-italian
270,culture::northwest china,culture::northwest-china
271,culture::northwest china/eastern central asia,culture::northwest-china/eastern-central-asia
272,culture::norwegian,culture::norwegian
273,culture::nuremberg,culture::nuremberg
274,culture::nymphenburg,culture::nymphenburg
275,culture::old assyrian trading colony,culture::old-assyrian-trading-colony
276,culture::olmec,culture::olmec
277,culture::orleans,culture::orleans
278,culture::ottonian,culture::ottonian
279,culture::padua,culture::padua
280,culture::pakistan,culture::pakistan
281,culture::palermo,culture::palermo
282,culture::paracas,culture::paracas
283,culture::paris,culture::paris
284,culture::parita,culture::parita
285,culture::parthian,culture::parthian
286,culture::parthian or sasanian,culture::parthian-or-sasanian
287,culture::peruvian,culture::peruvian
288,culture::pesaro,culture::pesaro
289,culture::philippine,culture::philippine
290,culture::phrygian,culture::phrygian
291,culture::piedmont,culture::piedmont
292,culture::polish,culture::polish
293,culture::populonia,culture::populonia
294,culture::portuguese,culture::portuguese
295,culture::potsdam,culture::potsdam
296,culture::praenestine,culture::praenestine
297,culture::proto-elamite,culture::proto-elamite
298,culture::provincial,culture::provincial
299,culture::ptolemaic,culture::ptolemaic
300,culture::qajar,culture::qajar
301,culture::quechua,culture::quechua
302,culture::remojadas,culture::remojadas
303,culture::rhenish,culture::rhenish
304,culture::roman,culture::roman
305,culture::roman egyptian,culture::roman-egyptian
306,culture::rome,culture::rome
307,culture::rouen,culture::rouen
308,culture::russian,culture::russian
309,culture::saint-cloud,culture::saint-cloud
310,culture::salinar,culture::salinar
311,culture::salzburg,culture::salzburg
312,culture::san sabastian,culture::san-sabastian
313,culture::sasanian,culture::sasanian
314,culture::savoy,culture::savoy
315,culture::saxony,culture::saxony
316,culture::scandinavian,culture::scandinavian
317,culture::sceaux,culture::sceaux
318,culture::scottish,culture::scottish
319,culture::scythian,culture::scythian
320,culture::seleucid,culture::seleucid
321,culture::seville,culture::seville
322,culture::sevres,culture::sevres
323,culture::sheffield,culture::sheffield
324,culture::sicily,culture::sicily
325,culture::siena,culture::siena
326,culture::silesia,culture::silesia
327,culture::sinceny,culture::sinceny
328,culture::skyros,culture::skyros
329,culture::smyrna,culture::smyrna
330,culture::south german,culture::south-german
331,culture::south italian,culture::south-italian
332,culture::south netherlandish,culture::south-netherlandish
333,culture::southall,culture::southall
334,culture::southern german,culture::southern-german
335,culture::spanish,culture::spanish
336,culture::spitalfields,culture::spitalfields
337,culture::sri lankan,culture::sri-lankan
338,culture::st. petersburg,culture::st.-petersburg
339,culture::staffordshire,culture::staffordshire
340,culture::stockholm,culture::stockholm
341,culture::stoke-on-trent,culture::stoke-on-trent
342,culture::strasbourg,culture::strasbourg
343,culture::sulawesi,culture::sulawesi
344,culture::sumatran,culture::sumatran
345,culture::sumerian,culture::sumerian
346,culture::surrey,culture::surrey
347,culture::swedish,culture::swedish
348,culture::swiss,culture::swiss
349,culture::syrian,culture::syrian
350,culture::tairona,culture::tairona
351,culture::tarentine,culture::tarentine
352,culture::teano,culture::teano
353,culture::teotihuacan,culture::teotihuacan
354,culture::thailand,culture::thailand
355,culture::thanjavur,culture::thanjavur
356,culture::the hague,culture::the-hague
357,culture::thessaly,culture::thessaly
358,culture::thuringia,culture::thuringia
359,culture::tibet,culture::tibet
360,culture::tibetan,culture::tibetan
361,culture::tiwanaku,culture::tiwanaku
362,culture::tlatilco,culture::tlatilco
363,culture::tlingit,culture::tlingit
364,culture::tolita-tumaco,culture::tolita-tumaco
365,culture::topara,culture::topara
366,culture::tsimshian,culture::tsimshian
367,culture::turin,culture::turin
368,culture::turkish,culture::turkish
369,culture::turkish or venice,culture::turkish-or-venice
370,culture::ubaid,culture::ubaid
371,culture::umbria,culture::umbria
372,culture::united states,culture::united-states
373,culture::unknown,culture::unknown
374,culture::urartian,culture::urartian
375,culture::urbino,culture::urbino
376,culture::urbino with gubbio luster,culture::urbino-with-gubbio-luster
377,culture::valencia,culture::valencia
378,culture::venice,culture::venice
379,culture::veracruz,culture::veracruz
380,culture::veraguas,culture::veraguas
381,culture::verona,culture::verona
382,culture::versailles,culture::versailles
383,culture::vienna,culture::vienna
384,culture::vietnam,culture::vietnam
385,culture::villanovan,culture::villanovan
386,culture::villeroy,culture::villeroy
387,culture::vincennes,culture::vincennes
388,culture::visigothic,culture::visigothic
389,culture::vulci,culture::vulci
390,culture::wari,culture::wari
391,culture::west slavic,culture::west-slavic
392,culture::western european,culture::western-european
393,culture::worcester,culture::worcester
394,culture::wurzburg,culture::wurzburg
395,culture::zenu,culture::zenu
396,culture::zoroastrian,culture::zoroastrian
397,culture::zurich,culture::zurich
398,tag::abbies,tag::abbies
399,tag::abraham,tag::abraham
400,tag::abstraction,tag::abstraction
401,tag::acanthus,tag::acanthus
402,tag::acorns,tag::acorns
403,tag::acrobats,tag::acrobats
404,tag::actors,tag::actors
405,tag::actresses,tag::actresses
406,tag::adam,tag::adam
407,tag::admirals,tag::admirals
408,tag::adonis,tag::adonis
409,tag::adoration of the magi,tag::adoration-of-the-magi
410,tag::adoration of the sheperds,tag::adoration-of-the-sheperds
411,tag::air transports,tag::air-transports
412,tag::alexander the great,tag::alexander-the-great
413,tag::altars,tag::altars
414,tag::amazons,tag::amazons
415,tag::amulets,tag::amulets
416,tag::amun,tag::amun
417,tag::ancient greek,tag::ancient-greek
418,tag::angels,tag::angels
419,tag::anger,tag::anger
420,tag::animals,tag::animals
421,tag::anklet,tag::anklet
422,tag::annunciation,tag::annunciation
423,tag::aphrodite,tag::aphrodite
424,tag::apocalypse,tag::apocalypse
425,tag::apollo,tag::apollo
426,tag::apostles,tag::apostles
427,tag::apples,tag::apples
428,tag::arabic,tag::arabic
429,tag::archangel gabriel,tag::archangel-gabriel
430,tag::arches,tag::arches
431,tag::architects,tag::architects
432,tag::architectural elements,tag::architectural-elements
433,tag::architectural fragments,tag::architectural-fragments
434,tag::architecture,tag::architecture
435,tag::ariadne,tag::ariadne
436,tag::armors,tag::armors
437,tag::army,tag::army
438,tag::arrowheads,tag::arrowheads
439,tag::arrows,tag::arrows
440,tag::artemis,tag::artemis
441,tag::artists,tag::artists
442,tag::assumption of the virgin,tag::assumption-of-the-virgin
443,tag::astronomy,tag::astronomy
444,tag::athena,tag::athena
445,tag::athletes,tag::athletes
446,tag::autumn,tag::autumn
447,tag::avalokiteshvara,tag::avalokiteshvara
448,tag::axes,tag::axes
449,tag::bacchus,tag::bacchus
450,tag::badges,tag::badges
451,tag::bagpipes,tag::bagpipes
452,tag::bakers,tag::bakers
453,tag::balconies,tag::balconies
454,tag::bamboo,tag::bamboo
455,tag::baptism of christ,tag::baptism-of-christ
456,tag::barns,tag::barns
457,tag::baseball,tag::baseball
458,tag::basins,tag::basins
459,tag::bathing,tag::bathing
460,tag::bathsheba,tag::bathsheba
461,tag::bats,tag::bats
462,tag::battles,tag::battles
463,tag::beaches,tag::beaches
464,tag::beads,tag::beads
465,tag::beakers,tag::beakers
466,tag::bears,tag::bears
467,tag::bedrooms,tag::bedrooms
468,tag::beds,tag::beds
469,tag::bees,tag::bees
470,tag::belts,tag::belts
471,tag::benches,tag::benches
472,tag::benjamin franklin,tag::benjamin-franklin
473,tag::bes,tag::bes
474,tag::bible,tag::bible
475,tag::bicycles,tag::bicycles
476,tag::billiards,tag::billiards
477,tag::birds,tag::birds
478,tag::bishops,tag::bishops
479,tag::boars,tag::boars
480,tag::boats,tag::boats
481,tag::bobbins,tag::bobbins
482,tag::bodhisattva,tag::bodhisattva
483,tag::bodies of water,tag::bodies-of-water
484,tag::body parts,tag::body-parts
485,tag::books,tag::books
486,tag::boots,tag::boots
487,tag::bottles,tag::bottles
488,tag::bow and arrow,tag::bow-and-arrow
489,tag::bowls,tag::bowls
490,tag::boxes,tag::boxes
491,tag::boxing,tag::boxing
492,tag::boys,tag::boys
493,tag::bracelets,tag::bracelets
494,tag::bridges,tag::bridges
495,tag::brooches,tag::brooches
496,tag::buckles,tag::buckles
497,tag::buddha,tag::buddha
498,tag::buddhism,tag::buddhism
499,tag::buddhist religious figures,tag::buddhist-religious-figures
500,tag::buffalos,tag::buffalos
501,tag::buildings,tag::buildings
502,tag::buildings and structures,tag::buildings-and-structures
503,tag::bulls,tag::bulls
504,tag::burial grounds,tag::burial-grounds
505,tag::burials,tag::burials
506,tag::butterflies,tag::butterflies
507,tag::buttons,tag::buttons
508,tag::cabinets,tag::cabinets
509,tag::calendars,tag::calendars
510,tag::camels,tag::camels
511,tag::cameos,tag::cameos
512,tag::canals,tag::canals
513,tag::candelabra,tag::candelabra
514,tag::candles,tag::candles
515,tag::candlesticks,tag::candlesticks
516,tag::cannons,tag::cannons
517,tag::capitals,tag::capitals
518,tag::carpets and rugs,tag::carpets-and-rugs
519,tag::carriages,tag::carriages
520,tag::cartouches,tag::cartouches
521,tag::caryatids,tag::caryatids
522,tag::castles,tag::castles
523,tag::cathedrals,tag::cathedrals
524,tag::cats,tag::cats
525,tag::cauldrons,tag::cauldrons
526,tag::caves,tag::caves
527,tag::celestial bodies,tag::celestial-bodies
528,tag::censers,tag::censers
529,tag::centaurs,tag::centaurs
530,tag::ceremony,tag::ceremony
531,tag::ceres,tag::ceres
532,tag::chairs,tag::chairs
533,tag::chalices,tag::chalices
534,tag::chariots,tag::chariots
535,tag::chess,tag::chess
536,tag::chests,tag::chests
537,tag::chickens,tag::chickens
538,tag::children,tag::children
539,tag::chinese,tag::chinese
540,tag::chinoiserie,tag::chinoiserie
541,tag::christ,tag::christ
542,tag::christian imagery,tag::christian-imagery
543,tag::christianity,tag::christianity
544,tag::christmas,tag::christmas
545,tag::churches,tag::churches
546,tag::circles,tag::circles
547,tag::circus,tag::circus
548,tag::cities,tag::cities
549,tag::civil war,tag::civil-war
550,tag::cleopatra,tag::cleopatra
551,tag::clocks,tag::clocks
552,tag::clothing and accessories,tag::clothing-and-accessories
553,tag::clouds,tag::clouds
554,tag::coat of arms,tag::coat-of-arms
555,tag::coats,tag::coats
556,tag::coffeepots,tag::coffeepots
557,tag::coffins,tag::coffins
558,tag::coins,tag::coins
559,tag::columns,tag::columns
560,tag::commodes,tag::commodes
561,tag::concerts,tag::concerts
562,tag::contemplation,tag::contemplation
563,tag::coptic,tag::coptic
564,tag::cornucopia,tag::cornucopia
565,tag::corpses,tag::corpses
566,tag::correspondence,tag::correspondence
567,tag::corsets,tag::corsets
568,tag::costumes,tag::costumes
569,tag::couches,tag::couches
570,tag::couples,tag::couples
571,tag::courtyards,tag::courtyards
572,tag::coverlets and quilts,tag::coverlets-and-quilts
573,tag::cows,tag::cows
574,tag::crabs,tag::crabs
575,tag::cradles,tag::cradles
576,tag::cranes,tag::cranes
577,tag::crescents,tag::crescents
578,tag::crocodiles,tag::crocodiles
579,tag::cross,tag::cross
580,tag::crowd,tag::crowd
581,tag::crucifixion,tag::crucifixion
582,tag::cuneiform,tag::cuneiform
583,tag::cupid,tag::cupid
584,tag::cups,tag::cups
585,tag::curtains,tag::curtains
586,tag::cutlery,tag::cutlery
587,tag::daggers,tag::daggers
588,tag::daily life,tag::daily-life
589,tag::daisies,tag::daisies
590,tag::dance,tag::dance
591,tag::dancers,tag::dancers
592,tag::dancing,tag::dancing
593,tag::david,tag::david
594,tag::dawn,tag::dawn
595,tag::death,tag::death
596,tag::decorative designs,tag::decorative-designs
597,tag::decorative elements,tag::decorative-elements
598,tag::deer,tag::deer
599,tag::deities,tag::deities
600,tag::demons,tag::demons
601,tag::descent from the cross,tag::descent-from-the-cross
602,tag::deserts,tag::deserts
603,tag::design elements,tag::design-elements
604,tag::desks,tag::desks
605,tag::devil,tag::devil
606,tag::diadems,tag::diadems
607,tag::diamonds,tag::diamonds
608,tag::diana,tag::diana
609,tag::dice,tag::dice
610,tag::dining,tag::dining
611,tag::dionysus,tag::dionysus
612,tag::dishes,tag::dishes
613,tag::docks,tag::docks
614,tag::doctors,tag::doctors
615,tag::documents,tag::documents
616,tag::dogs,tag::dogs
617,tag::dolls,tag::dolls
618,tag::dolphins,tag::dolphins
619,tag::domes,tag::domes
620,tag::donkeys,tag::donkeys
621,tag::doors,tag::doors
622,tag::doorways,tag::doorways
623,tag::doves,tag::doves
624,tag::dragons,tag::dragons
625,tag::drawing,tag::drawing
626,tag::dresses,tag::dresses
627,tag::drinking,tag::drinking
628,tag::drinking glasses,tag::drinking-glasses
629,tag::drums,tag::drums
630,tag::drunkenness,tag::drunkenness
631,tag::ducks,tag::ducks
632,tag::durga,tag::durga
633,tag::eagles,tag::eagles
634,tag::earrings,tag::earrings
635,tag::easter,tag::easter
636,tag::egg and dart,tag::egg-and-dart
637,tag::elephants,tag::elephants
638,tag::emblems,tag::emblems
639,tag::embroidery,tag::embroidery
640,tag::emperor augustus,tag::emperor-augustus
641,tag::entombment,tag::entombment
642,tag::eros,tag::eros
643,tag::esther,tag::esther
644,tag::europa,tag::europa
645,tag::eve,tag::eve
646,tag::evening,tag::evening
647,tag::ewers,tag::ewers
648,tag::eyes,tag::eyes
649,tag::facades,tag::facades
650,tag::faces,tag::faces
651,tag::factories,tag::factories
652,tag::fairies,tag::fairies
653,tag::falcons,tag::falcons
654,tag::family,tag::family
655,tag::fans,tag::fans
656,tag::farmers,tag::farmers
657,tag::farms,tag::farms
658,tag::fathers,tag::fathers
659,tag::fauns,tag::fauns
660,tag::fear,tag::fear
661,tag::feathers,tag::feathers
662,tag::feet,tag::feet
663,tag::female nudes,tag::female-nudes
664,tag::fire,tag::fire
665,tag::firearms,tag::firearms
666,tag::fireplaces,tag::fireplaces
667,tag::fireworks,tag::fireworks
668,tag::fish,tag::fish
669,tag::fishing,tag::fishing
670,tag::flags,tag::flags
671,tag::flowers,tag::flowers
672,tag::flutes,tag::flutes
673,tag::fluting,tag::fluting
674,tag::food,tag::food
675,tag::footwear,tag::footwear
676,tag::forests,tag::forests
677,tag::fortification,tag::fortification
678,tag::fountains,tag::fountains
679,tag::foxes,tag::foxes
680,tag::friezes,tag::friezes
681,tag::frogs,tag::frogs
682,tag::fruit,tag::fruit
683,tag::funerals,tag::funerals
684,tag::funerary objects,tag::funerary-objects
685,tag::furniture,tag::furniture
686,tag::gadrooning,tag::gadrooning
687,tag::galatea,tag::galatea
688,tag::games,tag::games
689,tag::gardeners,tag::gardeners
690,tag::gardens,tag::gardens
691,tag::garlands,tag::garlands
692,tag::gates,tag::gates
693,tag::generals,tag::generals
694,tag::genre scene,tag::genre-scene
695,tag::geometric patterns,tag::geometric-patterns
696,tag::george washington,tag::george-washington
697,tag::gingham pattern,tag::gingham-pattern
698,tag::girls,tag::girls
699,tag::globes,tag::globes
700,tag::gloves,tag::gloves
701,tag::goats,tag::goats
702,tag::goblets,tag::goblets
703,tag::goddess,tag::goddess
704,tag::gods,tag::gods
705,tag::grapes,tag::grapes
706,tag::greek deities,tag::greek-deities
707,tag::greek figures,tag::greek-figures
708,tag::griffins,tag::griffins
709,tag::grotesques,tag::grotesques
710,tag::guitars,tag::guitars
711,tag::hair,tag::hair
712,tag::hammers,tag::hammers
713,tag::hands,tag::hands
714,tag::harps,tag::harps
715,tag::hathor,tag::hathor
716,tag::hats,tag::hats
717,tag::hawks,tag::hawks
718,tag::heads,tag::heads
719,tag::hell,tag::hell
720,tag::helmets,tag::helmets
721,tag::hercules,tag::hercules
722,tag::hermes,tag::hermes
723,tag::hexagons,tag::hexagons
724,tag::hieroglyphs,tag::hieroglyphs
725,tag::hills,tag::hills
726,tag::hilts,tag::hilts
727,tag::hindu religious figures,tag::hindu-religious-figures
728,tag::hinduism,tag::hinduism
729,tag::historical figures,tag::historical-figures
730,tag::holofernes,tag::holofernes
731,tag::holy family,tag::holy-family
732,tag::horns,tag::horns
733,tag::horse riding,tag::horse-riding
734,tag::horses,tag::horses
735,tag::horus,tag::horus
736,tag::hospitals,tag::hospitals
737,tag::houses,tag::houses
738,tag::human figures,tag::human-figures
739,tag::hunting,tag::hunting
740,tag::illness,tag::illness
741,tag::incense burners,tag::incense-burners
742,tag::infants,tag::infants
743,tag::inns,tag::inns
744,tag::inscriptions,tag::inscriptions
745,tag::insects,tag::insects
746,tag::insignia,tag::insignia
747,tag::interiors,tag::interiors
748,tag::isis,tag::isis
749,tag::jackets,tag::jackets
750,tag::jainism,tag::jainism
751,tag::jars,tag::jars
752,tag::jason,tag::jason
753,tag::jesus,tag::jesus
754,tag::jewelry,tag::jewelry
755,tag::jockeys,tag::jockeys
756,tag::journals,tag::journals
757,tag::judith,tag::judith
758,tag::jugs,tag::jugs
759,tag::julius caesar,tag::julius-caesar
760,tag::juno,tag::juno
761,tag::jupiter,tag::jupiter
762,tag::kettles,tag::kettles
763,tag::keys,tag::keys
764,tag::kings,tag::kings
765,tag::kitchens,tag::kitchens
766,tag::knives,tag::knives
767,tag::krishna,tag::krishna
768,tag::lace,tag::lace
769,tag::ladders,tag::ladders
770,tag::ladles,tag::ladles
771,tag::lakes,tag::lakes
772,tag::lambs,tag::lambs
773,tag::lamentation,tag::lamentation
774,tag::lamps,tag::lamps
775,tag::landforms,tag::landforms
776,tag::landscapes,tag::landscapes
777,tag::last judgement,tag::last-judgement
778,tag::last supper,tag::last-supper
779,tag::law,tag::law
780,tag::leaves,tag::leaves
781,tag::leda,tag::leda
782,tag::leopards,tag::leopards
783,tag::lighting,tag::lighting
784,tag::lions,tag::lions
785,tag::literature,tag::literature
786,tag::liturgical objects,tag::liturgical-objects
787,tag::living rooms,tag::living-rooms
788,tag::lizards,tag::lizards
789,tag::lobsters,tag::lobsters
790,tag::lockets,tag::lockets
791,tag::lotuses,tag::lotuses
792,tag::louis xiv,tag::louis-xiv
793,tag::love,tag::love
794,tag::lovers,tag::lovers
795,tag::lutes,tag::lutes
796,tag::madonna and child,tag::madonna-and-child
797,tag::maenads,tag::maenads
798,tag::magicians,tag::magicians
799,tag::maitreya,tag::maitreya
800,tag::male nudes,tag::male-nudes
801,tag::mandolins,tag::mandolins
802,tag::manjushri,tag::manjushri
803,tag::manuscripts,tag::manuscripts
804,tag::maps,tag::maps
805,tag::mark antony,tag::mark-antony
806,tag::markets,tag::markets
807,tag::mars,tag::mars
808,tag::mary magdalene,tag::mary-magdalene
809,tag::masks,tag::masks
810,tag::massacres,tag::massacres
811,tag::medallions,tag::medallions
812,tag::medea,tag::medea
813,tag::men,tag::men
814,tag::merchants,tag::merchants
815,tag::mercury,tag::mercury
816,tag::mice,tag::mice
817,tag::military,tag::military
818,tag::military clothing,tag::military-clothing
819,tag::military equipment,tag::military-equipment
820,tag::minerva,tag::minerva
821,tag::mirrors,tag::mirrors
822,tag::monkeys,tag::monkeys
823,tag::monks,tag::monks
824,tag::monsters,tag::monsters
825,tag::monuments,tag::monuments
826,tag::moon,tag::moon
827,tag::moses,tag::moses
828,tag::mosques,tag::mosques
829,tag::mothers,tag::mothers
830,tag::mountains,tag::mountains
831,tag::muses,tag::muses
832,tag::music,tag::music
833,tag::musical instruments,tag::musical-instruments
834,tag::musicians,tag::musicians
835,tag::mythical creatures,tag::mythical-creatures
836,tag::mythology,tag::mythology
837,tag::napoleon i,tag::napoleon-i
838,tag::nativity,tag::nativity
839,tag::navy,tag::navy
840,tag::necklaces,tag::necklaces
841,tag::necktie,tag::necktie
842,tag::neptune,tag::neptune
843,tag::nero,tag::nero
844,tag::netsuke,tag::netsuke
845,tag::new testament,tag::new-testament
846,tag::night,tag::night
847,tag::nike,tag::nike
848,tag::nonrepresentational art,tag::nonrepresentational-art
849,tag::nymphs,tag::nymphs
850,tag::obelisks,tag::obelisks
851,tag::occupations,tag::occupations
852,tag::octagons,tag::octagons
853,tag::octopus,tag::octopus
854,tag::old testament,tag::old-testament
855,tag::olive trees,tag::olive-trees
856,tag::opera,tag::opera
857,tag::organs,tag::organs
858,tag::ornament,tag::ornament
859,tag::orpheus,tag::orpheus
860,tag::owls,tag::owls
861,tag::painting,tag::painting
862,tag::paisley,tag::paisley
863,tag::palaces,tag::palaces
864,tag::palmettes,tag::palmettes
865,tag::pants,tag::pants
866,tag::parks,tag::parks
867,tag::parrots,tag::parrots
868,tag::party,tag::party
869,tag::peaches,tag::peaches
870,tag::peacocks,tag::peacocks
871,tag::pediments,tag::pediments
872,tag::pendants,tag::pendants
873,tag::pentecost,tag::pentecost
874,tag::peonies,tag::peonies
875,tag::percussion instruments,tag::percussion-instruments
876,tag::performance,tag::performance
877,tag::perseus,tag::perseus
878,tag::pheasants,tag::pheasants
879,tag::pianos,tag::pianos
880,tag::pigeons,tag::pigeons
881,tag::pigs,tag::pigs
882,tag::pilasters,tag::pilasters
883,tag::pinecones,tag::pinecones
884,tag::pins,tag::pins
885,tag::pitchers,tag::pitchers
886,tag::plants,tag::plants
887,tag::playing,tag::playing
888,tag::playing cards,tag::playing-cards
889,tag::pocket watches,tag::pocket-watches
890,tag::poetry,tag::poetry
891,tag::poets,tag::poets
892,tag::polka-dot pattern,tag::polka-dot-pattern
893,tag::pomegranates,tag::pomegranates
894,tag::ponds,tag::ponds
895,tag::popes,tag::popes
896,tag::portraits,tag::portraits
897,tag::poseidon,tag::poseidon
898,tag::princes,tag::princes
899,tag::princesses,tag::princesses
900,tag::prisms,tag::prisms
901,tag::prisoners,tag::prisoners
902,tag::prisons,tag::prisons
903,tag::profiles,tag::profiles
904,tag::prostitutes,tag::prostitutes
905,tag::psyche,tag::psyche
906,tag::punishment,tag::punishment
907,tag::purses,tag::purses
908,tag::putti,tag::putti
909,tag::pyramids,tag::pyramids
910,tag::queens,tag::queens
911,tag::qur'an,tag::qur'an
912,tag::rabbits,tag::rabbits
913,tag::railways,tag::railways
914,tag::rain,tag::rain
915,tag::rams,tag::rams
916,tag::reading,tag::reading
917,tag::rectangles,tag::rectangles
918,tag::religious events,tag::religious-events
919,tag::religious texts,tag::religious-texts
920,tag::reliquaries,tag::reliquaries
921,tag::riding,tag::riding
922,tag::rings,tag::rings
923,tag::rivers,tag::rivers
924,tag::roads,tag::roads
925,tag::robes,tag::robes
926,tag::roman deities,tag::roman-deities
927,tag::roosters,tag::roosters
928,tag::rosaries,tag::rosaries
929,tag::roses,tag::roses
930,tag::rowing,tag::rowing
931,tag::ruins,tag::ruins
932,tag::sadness,tag::sadness
933,tag::sailors,tag::sailors
934,tag::saint anne,tag::saint-anne
935,tag::saint anthony,tag::saint-anthony
936,tag::saint catherine,tag::saint-catherine
937,tag::saint francis,tag::saint-francis
938,tag::saint george,tag::saint-george
939,tag::saint jerome,tag::saint-jerome
940,tag::saint john the baptist,tag::saint-john-the-baptist
941,tag::saint john the evangelist,tag::saint-john-the-evangelist
942,tag::saint joseph,tag::saint-joseph
943,tag::saint lawrence,tag::saint-lawrence
944,tag::saint mark,tag::saint-mark
945,tag::saint matthew,tag::saint-matthew
946,tag::saint michael,tag::saint-michael
947,tag::saint paul,tag::saint-paul
948,tag::saint peter,tag::saint-peter
949,tag::saints,tag::saints
950,tag::samples,tag::samples
951,tag::sarcophagus,tag::sarcophagus
952,tag::satire,tag::satire
953,tag::satyrs,tag::satyrs
954,tag::saucers,tag::saucers
955,tag::scarabs,tag::scarabs
956,tag::scarves,tag::scarves
957,tag::schools,tag::schools
958,tag::scorpions,tag::scorpions
959,tag::screens,tag::screens
960,tag::scrolls,tag::scrolls
961,tag::sculpture,tag::sculpture
962,tag::seals,tag::seals
963,tag::seas,tag::seas
964,tag::seascapes,tag::seascapes
965,tag::seating furniture,tag::seating-furniture
966,tag::self-portraits,tag::self-portraits
967,tag::serpents,tag::serpents
968,tag::servants,tag::servants
969,tag::shakespeare,tag::shakespeare
970,tag::shakyamuni,tag::shakyamuni
971,tag::sheep,tag::sheep
972,tag::shells,tag::shells
973,tag::shepherds,tag::shepherds
974,tag::shields,tag::shields
975,tag::ships,tag::ships
976,tag::shirts,tag::shirts
977,tag::shiva,tag::shiva
978,tag::shoes,tag::shoes
979,tag::sibyl,tag::sibyl
980,tag::silenus,tag::silenus
981,tag::singers,tag::singers
982,tag::singing,tag::singing
983,tag::skeletons,tag::skeletons
984,tag::skirts,tag::skirts
985,tag::skulls,tag::skulls
986,tag::sky,tag::sky
987,tag::slavery,tag::slavery
988,tag::sleep,tag::sleep
989,tag::smoking,tag::smoking
990,tag::snails,tag::snails
991,tag::snakes,tag::snakes
992,tag::snow,tag::snow
993,tag::soldiers,tag::soldiers
994,tag::spears,tag::spears
995,tag::spectators,tag::spectators
996,tag::sphinx,tag::sphinx
997,tag::sports,tag::sports
998,tag::spring,tag::spring
999,tag::squares,tag::squares
1000,tag::squirrels,tag::squirrels
1001,tag::stairs,tag::stairs
1002,tag::stars,tag::stars
1003,tag::still life,tag::still-life
1004,tag::stools,tag::stools
1005,tag::storage furniture,tag::storage-furniture
1006,tag::storms,tag::storms
1007,tag::strapwork,tag::strapwork
1008,tag::street scene,tag::street-scene
1009,tag::streets,tag::streets
1010,tag::stripes,tag::stripes
1011,tag::students,tag::students
1012,tag::suffering,tag::suffering
1013,tag::suits,tag::suits
1014,tag::summer,tag::summer
1015,tag::sun,tag::sun
1016,tag::sundials,tag::sundials
1017,tag::sunflowers,tag::sunflowers
1018,tag::swans,tag::swans
1019,tag::sword guards,tag::sword-guards
1020,tag::swords,tag::swords
1021,tag::tabernacles,tag::tabernacles
1022,tag::tables,tag::tables
1023,tag::tablets,tag::tablets
1024,tag::taoism,tag::taoism
1025,tag::tapestries,tag::tapestries
1026,tag::taweret,tag::taweret
1027,tag::tea caddy,tag::tea-caddy
1028,tag::tea drinking,tag::tea-drinking
1029,tag::teachers,tag::teachers
1030,tag::teapots,tag::teapots
1031,tag::telescopes,tag::telescopes
1032,tag::temples,tag::temples
1033,tag::tents,tag::tents
1034,tag::textile fragments,tag::textile-fragments
1035,tag::textiles,tag::textiles
1036,tag::theatre,tag::theatre
1037,tag::tigers,tag::tigers
1038,tag::tombs,tag::tombs
1039,tag::tools and equipment,tag::tools-and-equipment
1040,tag::towers,tag::towers
1041,tag::towns,tag::towns
1042,tag::toys,tag::toys
1043,tag::trains,tag::trains
1044,tag::transportation,tag::transportation
1045,tag::trays,tag::trays
1046,tag::trees,tag::trees
1047,tag::triangles,tag::triangles
1048,tag::tricorns,tag::tricorns
1049,tag::triton,tag::triton
1050,tag::trophies,tag::trophies
1051,tag::trumpets,tag::trumpets
1052,tag::tulips,tag::tulips
1053,tag::tunics,tag::tunics
1054,tag::tureens,tag::tureens
1055,tag::turtles,tag::turtles
1056,tag::undergarment,tag::undergarment
1057,tag::uniforms,tag::uniforms
1058,tag::urns,tag::urns
1059,tag::utilitarian objects,tag::utilitarian-objects
1060,tag::vajrapani,tag::vajrapani
1061,tag::vase fragments,tag::vase-fragments
1062,tag::vases,tag::vases
1063,tag::vegetables,tag::vegetables
1064,tag::venus,tag::venus
1065,tag::vestments,tag::vestments
1066,tag::vests,tag::vests
1067,tag::victory,tag::victory
1068,tag::villages,tag::villages
1069,tag::vines,tag::vines
1070,tag::violas,tag::violas
1071,tag::violins,tag::violins
1072,tag::virgin mary,tag::virgin-mary
1073,tag::vishnu,tag::vishnu
1074,tag::volcanoes,tag::volcanoes
1075,tag::vulcan,tag::vulcan
1076,tag::wagons,tag::wagons
1077,tag::walking,tag::walking
1078,tag::wars,tag::wars
1079,tag::washing,tag::washing
1080,tag::watches,tag::watches
1081,tag::waterfalls,tag::waterfalls
1082,tag::watermills,tag::watermills
1083,tag::waves,tag::waves
1084,tag::weapons,tag::weapons
1085,tag::weights and measures,tag::weights-and-measures
1086,tag::wells,tag::wells
1087,tag::wind,tag::wind
1088,tag::windmills,tag::windmills
1089,tag::windows,tag::windows
1090,tag::wine,tag::wine
1091,tag::winter,tag::winter
1092,tag::women,tag::women
1093,tag::working,tag::working
1094,tag::world war i,tag::world-war-i
1095,tag::worshiping,tag::worshiping
1096,tag::wreaths,tag::wreaths
1097,tag::writing,tag::writing
1098,tag::writing implements,tag::writing-implements
1099,tag::writing systems,tag::writing-systems
1100,tag::zeus,tag::zeus
1101,tag::zigzag pattern,tag::zigzag-pattern
1102,tag::zodiac,tag::zodiac
